agent,agent_logo,price,postcode,city
CC Gray Estates,https://st.zoocdn.com/zoopla_static_agent_logo_(524233).png,"£350,000","The Woodlands, London SE19",London
Bairstow Eves - Romford Sales,https://st.zoocdn.com/zoopla_static_agent_logo_(640056).png,"£450,000","Pretoria Road, Romford RM7",Essex
"Purplebricks, Head Office",https://st.zoocdn.com/zoopla_static_agent_logo_(584439).png,"£400,000","Royal Carriage Mews, London SE18",London
"Purplebricks, Head Office",https://st.zoocdn.com/zoopla_static_agent_logo_(584439).png,"£295,000","99 Princess Road, Croydon CR0",London
CC Gray Estates,https://st.zoocdn.com/zoopla_static_agent_logo_(524233).png,"£440,000","Achill Close, London NW9",London
Winkworth - Palmers Green,https://st.zoocdn.com/zoopla_static_agent_logo_(249290).png,"£975,000","St. Georges Road, London N13",London
Ludlow Thompson - Tooting,https://st.zoocdn.com/zoopla_static_agent_logo_(302206).png,"£470,000","Vant Road, London SW17",London
Ludlow Thompson - City / Docklands,https://st.zoocdn.com/zoopla_static_agent_logo_(302206).png,"£350,000","Cleveland Way, London E1",London
Ludlow Thompson - Tooting,https://st.zoocdn.com/zoopla_static_agent_logo_(302206).png,"£315,000","Yelverton Road, London SW11",London
Ludlow Thompson - Canada Water,https://st.zoocdn.com/zoopla_static_agent_logo_(302206).png,"£550,000","Fisher Close, London SE16",London
Chestertons - Canary Wharf,https://st.zoocdn.com/zoopla_static_agent_logo_(253788).png,"£550,000","Ability Place, 37 Millharbour, London E14",London
Chestertons - Camden & Primrose Hill,https://st.zoocdn.com/zoopla_static_agent_logo_(253788).png,"£1,485,000","Ivor Street, London NW1",London
Chestertons - Islington,https://st.zoocdn.com/zoopla_static_agent_logo_(253788).png,"£1,150,000","Packington Street, London N1",London
Chestertons - Islington,https://st.zoocdn.com/zoopla_static_agent_logo_(253788).png,"£2,000,000","Great Percy Street, Finsbury, London WC1X",London
Chestertons - Knightsbridge & Belgravia,https://st.zoocdn.com/zoopla_static_agent_logo_(253788).png,"£2,000,000","Eresby House, Rutland Gate, Knightsbridge SW7",London
Tatlers,https://st.zoocdn.com/zoopla_static_agent_logo_(40927).jpeg,"£1,350,000","Ashley Road, London N19",London
Foxtons - Stratford,https://st.zoocdn.com/zoopla_static_agent_logo_(592983).png,"£305,000","Upton Lane, Forest Gate, London E7",London
Foxtons - St John's Wood,https://st.zoocdn.com/zoopla_static_agent_logo_(592983).png,"£1,450,000","Allitsen Road, St John's Wood, London NW8",London
Foxtons - South Kensington,https://st.zoocdn.com/zoopla_static_agent_logo_(592983).png,"£1,350,000","Lexham Gardens, Kensington, London W8",London
Foxtons - Vauxhall,https://st.zoocdn.com/zoopla_static_agent_logo_(592983).png,"£525,000","Albert Embankment, Waterloo, London SE1",London
Integra Estates,https://st.zoocdn.com/zoopla_static_agent_logo_(734443).png,"£350,000","Avenue Road, London SE20",London
Vantage Residential,https://st.zoocdn.com/zoopla_static_agent_logo_(721957).png,"£795,000","Park Avenue, London NW2",London
Keys & Lee,https://st.zoocdn.com/zoopla_static_agent_logo_(119365).png,"£500,000","Medora Road, Romford RM7",Essex
Keating Estates,https://st.zoocdn.com/zoopla_static_agent_logo_(153574).png,"£740,000","Milton Road, London SE24",London
Kings Group - Enfield Town,https://st.zoocdn.com/zoopla_static_agent_logo_(662595).png,"£825,000","Archer Way, Enfield EN2",London
Rampton Baseley,https://st.zoocdn.com/zoopla_static_agent_logo_(666256).png,"£2,650,000","Drakefield Road, London SW17",London
Loft and Main Real Estate Group,https://st.zoocdn.com/zoopla_static_agent_logo_(692551).png,"£375,000","The Avenue, London W13",London
Savills - Battersea Park,https://st.zoocdn.com/zoopla_static_agent_logo_(648969).png,"£1,900,000","York Mansions, Prince Of Wales Drive, London SW11",London
Loft and Main Real Estate Group,https://st.zoocdn.com/zoopla_static_agent_logo_(692551).png,"£350,000","Charles Road, London W13",London
Coopers Residential - Ickenham,https://st.zoocdn.com/zoopla_static_agent_logo_(447551).png,"£1,150,000","Stedman Close, Ickenham UB10",London
Chancellors - Highgate,https://st.zoocdn.com/zoopla_static_agent_logo_(487497).png,"£500,000","Oakeshott Avenue, Highgate N6",London
Savills - Northcote Road,https://st.zoocdn.com/zoopla_static_agent_logo_(114941).png,"£2,300,000","Briarwood Road, London SW4",London
Rampton Baseley,https://st.zoocdn.com/zoopla_static_agent_logo_(643976).png,"£675,000","St. Ann's Crescent, London SW18",London
Lilypad Estates,https://st.zoocdn.com/zoopla_static_agent_logo_(116861).png,"£225,000","Monarch Drive, London E16",London
JBrown Property UK,https://st.zoocdn.com/zoopla_static_agent_logo_(628783).png,"£149,000","Bankside Apartments, Coster Avenue, London N4",London
L&Q at High Street Quarter,https://st.zoocdn.com/zoopla_static_agent_logo_(683244).png,"£125,625","Smithy Lane, Hounslow TW3",London
Andrew Scott Robertson,https://st.zoocdn.com/zoopla_static_agent_logo_(731308).png,"£2,100,000","Preston Road, London SW20",London
Homewise Ltd,https://st.zoocdn.com/zoopla_static_agent_logo_(628807).png,"£330,500","The Spinney, Sidcup, Kent DA14",Kent
Homewise Ltd,https://st.zoocdn.com/zoopla_static_agent_logo_(628807).png,"£284,500","Darenth Road, Welling, Kent DA16",Kent
Homewise Ltd,https://st.zoocdn.com/zoopla_static_agent_logo_(628807).png,"£726,500","Birkdale Gardens, Croydon, Surrey CR0",London
Camerons Stiff & Co,https://st.zoocdn.com/zoopla_static_agent_logo_(628876).png,"£3,700,000","Brondesbury Park, London NW2",London
JLL - Nine Elms,https://st.zoocdn.com/zoopla_static_agent_logo_(526089).png,"£1,100,000","Riverlight Quay, London SW11",London
Barnard Marcus - Chiswick,https://st.zoocdn.com/zoopla_static_agent_logo_(592283).png,"£785,000","Kew Bridge Road, Brentford TW8",London
Barnard Marcus - Sydenham,https://st.zoocdn.com/zoopla_static_agent_logo_(592283).png,"£425,000","Tyrwhitt Road, London SE4",London
Acorn - Eltham,https://st.zoocdn.com/zoopla_static_agent_logo_(701121).png,"£525,000","Avery Hill Road, London SE9",London
Aston Rowe,https://st.zoocdn.com/zoopla_static_agent_logo_(707479).png,"£550,000","Allison Road, Acton, London W3",London
"James Pendleton, Land, New Homes & Investments Office",https://st.zoocdn.com/zoopla_static_agent_logo_(326710).png,"£665,000","West Hill, Wandsworth, London SW18",London
"James Pendleton, Land, New Homes & Investments Office",https://st.zoocdn.com/zoopla_static_agent_logo_(326710).png,"£620,000","West Hill, Wandsworth, London SW18",London
"James Pendleton, Land, New Homes & Investments Office",https://st.zoocdn.com/zoopla_static_agent_logo_(326710).png,"£555,000","West Hill, Wandsworth, London SW18",London
"James Pendleton, Land, New Homes & Investments Office",https://st.zoocdn.com/zoopla_static_agent_logo_(326710).png,"£600,000","West Hill, Wandsworth, London SW18",London
Living in London,https://st.zoocdn.com/zoopla_static_agent_logo_(50710).jpeg,"£449,000","Pump House Close, Canada Water SE16",London
Savills - Wandsworth,https://st.zoocdn.com/zoopla_static_agent_logo_(648969).png,"£500,000","Treport Street, London SW18",London
Burghleys,https://st.zoocdn.com/zoopla_static_agent_logo_(48898).jpeg,"£1,800,000","Chetwynd Road, London NW5",London
Fyfe Mcdade Ltd,https://st.zoocdn.com/zoopla_static_agent_logo_(302479).png,"£995,000","Hoxton House, Penn Street, Hoxton, London N1",London
Douglas & Gordon - Chelsea,https://st.zoocdn.com/zoopla_static_agent_logo_(712105).png,"£500,000","Chelsea Cloisters, Sloane Avenue, London SW3",London
The Stow Brothers - E17,https://st.zoocdn.com/zoopla_static_agent_logo_(725233).png,"£350,000","Brading Crescent, London E11",London
Kinleigh Folkard & Hayward - Bayswater Sales,https://st.zoocdn.com/zoopla_static_agent_logo_(621982).png,"£425,000","Hallfield Estate, London W2",London
Austin Homes,https://st.zoocdn.com/zoopla_static_agent_logo_(275211).png,"£725,000","Chronicle Tower 261B, City Road, London EC1V",London
Robsons,https://st.zoocdn.com/zoopla_static_agent_logo_(358212).png,"£1,125,000","Pamela Gardens, Pinner HA5",London
Robsons,https://st.zoocdn.com/zoopla_static_agent_logo_(358212).png,"£725,000","Oakwood Road, Pinner HA5",London
Langford Russell - Beckenham,https://st.zoocdn.com/zoopla_static_agent_logo_(732787).png,"£345,000","Bromley Grove, Bromley BR2",London
Chestertons - Tower Bridge,https://st.zoocdn.com/zoopla_static_agent_logo_(253788).png,"£800,000","Scotts Sufferance Wharf, 5 Mill Street, London SE1",London
Chapel Row,https://st.zoocdn.com/zoopla_static_agent_logo_(259108).png,"£1,130,000","21 Sparsholt Road, Crouch Hill N19",London
Chapel Row,https://st.zoocdn.com/zoopla_static_agent_logo_(259108).png,"£1,130,000","21 Sparsholt Road, Crouch Hill N19",London
Chapel Row,https://st.zoocdn.com/zoopla_static_agent_logo_(259108).png,"£1,150,000","21 Sparsholt Road, Crouch Hill N19",London
Coppermills,https://st.zoocdn.com/zoopla_static_agent_logo_(388846).png,"£700,000","Denbigh Street, London SW1V",London
Foxtons - West End,https://st.zoocdn.com/zoopla_static_agent_logo_(592983).png,"£925,000","Brunswick Centre, Bloomsbury, London WC1N",London
Foxtons - Willesden Green,https://st.zoocdn.com/zoopla_static_agent_logo_(592983).png,"£650,000","Melrose Avenue, Willesden Green, London NW2",London
Rampton Baseley,https://st.zoocdn.com/zoopla_static_agent_logo_(643976).png,"£875,000","Salcott Road, London SW11",London
York Estates,https://st.zoocdn.com/zoopla_static_agent_logo_(262584).png,"£575,000","Marylebone Road, Marylebone NW1",London
Beauchamp Estates (New Homes),https://st.zoocdn.com/zoopla_static_agent_logo_(334888).png,"£2,320,000","Fitjohn's Avenue, Hampstead NW3",London
Marlowe Estates,https://st.zoocdn.com/zoopla_static_agent_logo_(709912).png,"£1,000,000","Thurlby Road, West Norwood, London SE27",London
Strike,https://st.zoocdn.com/zoopla_static_agent_logo_(725875).png,"£700,000","Lancaster Gardens, Bromley BR1",London
Dexters - Twickenham,https://st.zoocdn.com/zoopla_static_agent_logo_(727723).png,"£849,950","Whitton Road, Twickenham TW2",London
Milestone Residential,https://st.zoocdn.com/zoopla_static_agent_logo_(709844).png,"£720,000","Constance Road, Whitton, Twickenham TW2",London
John Alan,https://st.zoocdn.com/zoopla_static_agent_logo_(61178).png,"£399,995","Swallands Road, London SE6",London
Knight Bishop,https://st.zoocdn.com/zoopla_static_agent_logo_(61464).jpeg,"£575,000","Grove Road, Mile End E3",London
Homesearch Ltd,https://st.zoocdn.com/zoopla_static_agent_logo_(367149).png,"£435,000","Uxbridge Road, London W5",London
eXp World UK,https://st.zoocdn.com/zoopla_static_agent_logo_(709247).png,"£400,000","Dalston Lane, London E8",London
Yopa,https://st.zoocdn.com/zoopla_static_agent_logo_(654233).png,"£400,000","High Road Leytonstone, London E11",London
Vesper Group,https://st.zoocdn.com/zoopla_static_agent_logo_(679295).png,"£650,000","Hallam Street, London W1W",London
Countryside - Feature17,https://st.zoocdn.com/zoopla_static_agent_logo_(723214).png,"£515,000","Wood Street, Walthamstow E17",London
Liv International,https://st.zoocdn.com/zoopla_static_agent_logo_(256937).png,"£395,000","Fairweather House, Parkhurst Road, Holloway N7",London
Richard James Estate Agents,https://st.zoocdn.com/zoopla_static_agent_logo_(35358).jpg,"£875,000","Glenwood Road, London NW7",London
Winkworth - Tooting,https://st.zoocdn.com/zoopla_static_agent_logo_(249290).png,"£830,000","Dahomey Road, London SW16",London
Aston Chase,https://st.zoocdn.com/zoopla_static_agent_logo_(703975).png,"£5,975,000","Springfield Road, St John's Wood, London NW8",London
Dexters - Richmond,https://st.zoocdn.com/zoopla_static_agent_logo_(727723).png,"£1,395,000","Manor Road, Richmond TW9",Surrey
Ellis & Co - Harrow,https://st.zoocdn.com/zoopla_static_agent_logo_(575343).png,"£465,000","Malcolm Court, Stanmore, Middlesex HA7",London
Langford Russell - Orpington,https://st.zoocdn.com/zoopla_static_agent_logo_(732787).png,"£850,000","St. Leonards Rise, Farnborough, Orpington BR6",London
Bellway - Maybrey Works,https://st.zoocdn.com/zoopla_static_agent_logo_(458905).png,"£352,000","Worsley Bridge Road, Sydenham SE26",London
Wilfords London Ltd,https://st.zoocdn.com/zoopla_static_agent_logo_(731209).png,"£2,850,000","Campden Hill Road, Hillgate Village W8",London
"Purplebricks, Head Office",https://st.zoocdn.com/zoopla_static_agent_logo_(584439).png,"£525,000","60 Arundel Square, Islington N7",London
IC Property,https://st.zoocdn.com/zoopla_static_agent_logo_(144598).png,"£224,995","The Broadway, Mutton Lane, Potters Bar EN6",Hertfordshire
Campbell Residential,https://st.zoocdn.com/zoopla_static_agent_logo_(74813).jpeg,"£394,999","Seagull Lane, London E16",London
Andrew Kingsley,https://st.zoocdn.com/zoopla_static_agent_logo_(134689).png,"£487,500","Speldhurst Close, Bromley BR2",London
Laurels,https://st.zoocdn.com/zoopla_static_agent_logo_(711519).png,"£225,000","Heron Way, Wallington SM6",London
Knight Frank - South Kensington Sales,https://st.zoocdn.com/zoopla_static_agent_logo_(644074).png,"£4,950,000","Queen's Gate Place Mews, South Kensington, London SW7",London
Wards - Welling,https://st.zoocdn.com/zoopla_static_agent_logo_(589585).png,"£500,000","The Spinney, Sidcup, Kent DA14",Kent
JLL - Greenwich,https://st.zoocdn.com/zoopla_static_agent_logo_(526089).png,"£300,000","Ashmore Road, London SE18",London
Martin & Co - London Riverside,https://st.zoocdn.com/zoopla_static_agent_logo_(706042).png,"£600,000","Nine Elms Lane, Nine Elms SW11",London
Fabrica by A2 Dominion - Hanwell Square,https://st.zoocdn.com/zoopla_static_agent_logo_(671997).png,"£420,000","Boston Road, Hanwell W7",London
Hamptons - Islington Sales,https://st.zoocdn.com/zoopla_static_agent_logo_(707660).png,"£450,000","Mildmay Grove North, London N1",London
"Purplebricks, Head Office",https://st.zoocdn.com/zoopla_static_agent_logo_(584439).png,"£380,000","Homer Drive, London E14",London
"Purplebricks, Head Office",https://st.zoocdn.com/zoopla_static_agent_logo_(584439).png,"£280,000","Millers Green Close, Enfield EN2",London
John Alan,https://st.zoocdn.com/zoopla_static_agent_logo_(61178).png,"£387,500","Mowbray Road, London SE19",London
Bellway - The River Gardens,https://st.zoocdn.com/zoopla_static_agent_logo_(458905).png,"£584,000","Banning Street, Royal Greenwich, London SE10",London
Coopers Residential - West Drayton,https://st.zoocdn.com/zoopla_static_agent_logo_(447558).png,"£175,000","Merrivale Mews, Yiewsley, West Drayton UB7",London
Savills - Marylebone & Fitzrovia,https://st.zoocdn.com/zoopla_static_agent_logo_(114913).png,"£1,895,000","Mansfield Street, Marylebone, London W1G",London
Liu international uk limited,https://st.zoocdn.com/zoopla_static_agent_logo_(733162).png,"£899,000","52, Ingrebourne Apartments, 5, Central Avenue, London SW6",London
"Munday's, London",https://st.zoocdn.com/zoopla_static_agent_logo_(304049).png,"£499,950","Crofton Road, Camberwell SE5",London
CHAMPS UK Property Asset Management,https://st.zoocdn.com/zoopla_static_agent_logo_(692976).png,"£720,000","Fountain Park Way, London W12",London
Bellway - Eastside Quarter,https://st.zoocdn.com/zoopla_static_agent_logo_(458905).png,"£309,000","2 Watling Street, Bexleyheath DA6",Kent
David Andrew Estates,https://st.zoocdn.com/zoopla_static_agent_logo_(666976).png,"£600,000","Arthur Road, London N7",London
Bellway - Eastside Quarter,https://st.zoocdn.com/zoopla_static_agent_logo_(458905).png,"£296,000","2 Watling Street, Bexleyheath DA6",Kent
Brian Cox - North Harrow,https://st.zoocdn.com/zoopla_static_agent_logo_(280176).png,"£750,000","Argyle Road, North Harrow, Harrow HA2",London
Blueprint Properties,https://st.zoocdn.com/zoopla_static_agent_logo_(140003).jpeg,"£650,000","Easton Lodge, Uxbridge Road, London W7",London
Dexters - Richmond,https://st.zoocdn.com/zoopla_static_agent_logo_(727723).png,"£440,000","Upper Richmond Road West, London SW14",London
Central Estate Agents,https://st.zoocdn.com/zoopla_static_agent_logo_(395762).png,"£435,000","Eldon Road, Walthamstow, London E17",London
Central Estate Agents,https://st.zoocdn.com/zoopla_static_agent_logo_(395762).png,"£285,000","Higham Hill Road, Walthamstow, London E17",London
Presidential Estates,https://st.zoocdn.com/zoopla_static_agent_logo_(733903).png,"£625,000","Dale View Gardens, London E4",London
Anthony James Manser,https://st.zoocdn.com/zoopla_static_agent_logo_(299378).png,"£550,000","Windmill Road, Brentford TW8",London
Anthony James Manser,https://st.zoocdn.com/zoopla_static_agent_logo_(299378).png,"£415,000","Windmill Road, Brentford TW8",London
Anthony James Manser,https://st.zoocdn.com/zoopla_static_agent_logo_(299378).png,"£600,000","Windmill Road, Brentford TW8",London
LHL Estates,https://st.zoocdn.com/zoopla_static_agent_logo_(317267).png,"£549,995","Lambert Walk, Wembley HA9",London
Jukes and Co,https://st.zoocdn.com/zoopla_static_agent_logo_(155448).png,"£350,000","Friends Road, Croydon CR0",London
Barnard Marcus - Ealing,https://st.zoocdn.com/zoopla_static_agent_logo_(592283).png,"£550,000","Performance Point, Windmill Road, Brentford, London TW8",London
Barnard Marcus - Ealing,https://st.zoocdn.com/zoopla_static_agent_logo_(592283).png,"£625,000","Hatton Road, Wembley HA0",London
Featherstone Leigh - Twickenham,https://st.zoocdn.com/zoopla_static_agent_logo_(126581).png,"£425,000","Hampton Road, Twickenham, Middlesex TW2",London
Barnard Marcus - Ealing,https://st.zoocdn.com/zoopla_static_agent_logo_(592283).png,"£600,000","Performance Point, Windmill Road, Brentford, London TW8",London
Barnard Marcus - Epsom,https://st.zoocdn.com/zoopla_static_agent_logo_(592283).png,"£447,500","Millside Place, Mill Road, Epsom KT17",Surrey
Bennett Holmes - Northolt,https://st.zoocdn.com/zoopla_static_agent_logo_(58658).jpeg,"£575,000","Fore Street, Pinner, Middlesex HA5",London
Homesearch Ltd,https://st.zoocdn.com/zoopla_static_agent_logo_(367149).png,"£565,000","Jasmine House, Kew Bridge, Kew TW8",London
Bellway - Dacres Wood Court,https://st.zoocdn.com/zoopla_static_agent_logo_(713050).png,"£506,995","Mayow Road, Lewisham SE23",London
Bellway - Dacres Wood Court,https://st.zoocdn.com/zoopla_static_agent_logo_(713050).png,"£514,995","Mayow Road, Lewisham SE23",London
Martyn Gerrard - Kentish Town - Sales,https://st.zoocdn.com/zoopla_static_agent_logo_(687544).png,"£575,000","Anson Road, Tufnell Park, London N7",London
Churchill Estates - Wanstead,https://st.zoocdn.com/zoopla_static_agent_logo_(162209).png,"£425,000","Grosvenor Road, London E11",London
Hamptons - City Sales,https://st.zoocdn.com/zoopla_static_agent_logo_(707660).png,"£575,000","Dance Square, London EC1V",London
Alwyne Estates,https://st.zoocdn.com/zoopla_static_agent_logo_(249625).png,"£825,000","3 Killick Street, London N1",London
Marlborough Homes Ltd,https://st.zoocdn.com/zoopla_static_agent_logo_(296379).png,"£225,000","Portway, London E15",London
Bellway - Dacres Wood Court,https://st.zoocdn.com/zoopla_static_agent_logo_(713050).png,"£376,995","Mayow Road, Lewisham SE23",London
Property Inside London,https://st.zoocdn.com/zoopla_static_agent_logo_(246549).png,"£3,150,000","The Corniche, 20 Albert Embankment, London SE1",London
Martyn Gerrard - North Finchley - Sales,https://st.zoocdn.com/zoopla_static_agent_logo_(687544).png,"£450,000","Woodside Park Road, Woodside Park, London N12",London
Dexters - Tooting,https://st.zoocdn.com/zoopla_static_agent_logo_(727723).png,"£775,000","Gilbey Road, London SW17",London
Langford Russell - Chislehurst,https://st.zoocdn.com/zoopla_static_agent_logo_(732787).png,"£750,000","Empress Drive, Chislehurst BR7",London
Robsons,https://st.zoocdn.com/zoopla_static_agent_logo_(358212).png,"£925,000","Highfield Avenue, Pinner HA5",London
Barnard Marcus - Whetstone,https://st.zoocdn.com/zoopla_static_agent_logo_(592283).png,"£325,000","Cat Hill, East Barnet, Barnet EN4",Hertfordshire
Barnfields - Enfield,https://st.zoocdn.com/zoopla_static_agent_logo_(596363).png,"£800,000","Manor Road, Enfield EN2",London
Tilson & Spencer,https://st.zoocdn.com/zoopla_static_agent_logo_(504565).png,"£320,000","Apple Tree Road, London N17",London
Butler’s,https://st.zoocdn.com/zoopla_static_agent_logo_(720366).png,"£500,000","Gander Green Lane, Sutton SM1",London
Aston Chase,https://st.zoocdn.com/zoopla_static_agent_logo_(703975).png,"£17,950,000","Randolph Road, Little Venice, London W9",London
Ellisons,https://st.zoocdn.com/zoopla_static_agent_logo_(319765).png,"£1,150,000","Quicks Road, London SW19",London
Sinclair Hammelton,https://st.zoocdn.com/zoopla_static_agent_logo_(153100).png,"£525,000","Prescott Avenue, Petts Wood, Kent BR5",London
John D Wood & Co. - Parsons Green Sales,https://st.zoocdn.com/zoopla_static_agent_logo_(640761).png,"£2,425,000","Bovingdon Road, Parsons Green, Fulham, London SW6",London
Winkworth - Paddington & Bayswater,https://st.zoocdn.com/zoopla_static_agent_logo_(249290).png,"£1,495,000","Harley Street, Second Floor Only, Marylebone W1G",London
Shaw & Co,https://st.zoocdn.com/zoopla_static_agent_logo_(733795).png,"£464,950","Hounslow Road, Whitton, Twickenham TW2",London
Sinton Andrews,https://st.zoocdn.com/zoopla_static_agent_logo_(670742).png,"£825,000","Boston Manor Road, Brentford TW8",London
JOHNS&CO - Brentford,https://st.zoocdn.com/zoopla_static_agent_logo_(505166).png,"£625,000","Copland Court, Durham Wharf Drive, Brentford TW8",London
Andrew Reeves - Westminster & Belgravia,https://st.zoocdn.com/zoopla_static_agent_logo_(700975).png,"£650,000","The Atrium, 30 Vincent Square, Westminster, London SW1P",London
JOHNS&CO - Brentford,https://st.zoocdn.com/zoopla_static_agent_logo_(505166).png,"£450,000","Copland Court, Durham Wharf Drive, Brentford TW8",London
Noble Residential,https://st.zoocdn.com/zoopla_static_agent_logo_(586503).png,"£995,000","Roseacre Close, Hornchurch RM11",Essex
Sold.co.uk,https://st.zoocdn.com/zoopla_static_agent_logo_(721204).png,"£170,000","Thicket Road, Sutton SM1",London
Elegant Homes London,https://st.zoocdn.com/zoopla_static_agent_logo_(402905).png,"£749,950","Broadley Terrace, London NW1",London
Dexters - Surbiton,https://st.zoocdn.com/zoopla_static_agent_logo_(727723).png,"£599,950","Dolphin Close, Surbiton KT6",London
Elegant Homes London,https://st.zoocdn.com/zoopla_static_agent_logo_(402905).png,"£799,950","College Crescent, London NW3",London
Camerons Stiff & Co.,https://st.zoocdn.com/zoopla_static_agent_logo_(596438).png,"£525,000","St. Pauls Avenue, London NW2",London
Yopa,https://st.zoocdn.com/zoopla_static_agent_logo_(654233).png,"£525,000","Primrose Avenue, Chadwell Heath, Romford RM6",Essex
LRC - London Sales and Letting Agency,https://st.zoocdn.com/zoopla_static_agent_logo_(497206).png,"£363,500","Penge Road, Upton Park, London E13",London
Atkinson Mcleod - Canary Wharf,https://st.zoocdn.com/zoopla_static_agent_logo_(350647).png,"£310,000","Exeter Road, London E16",London
Whitman & Co,https://st.zoocdn.com/zoopla_static_agent_logo_(56102).jpeg,"£1,500,000","Quick Road, London W4",London
Alan De Maid - Locksbottom,https://st.zoocdn.com/zoopla_static_agent_logo_(640020).png,"£2,750,000","Meadow Way, Farnborough Park BR6",London
Nested Ltd,https://st.zoocdn.com/zoopla_static_agent_logo_(662892).png,"£350,000","Poynder Court, Camden Road, Holloway, London N7",London
Cuvelo,https://st.zoocdn.com/zoopla_static_agent_logo_(708810).png,"£995,000","Jack's Straw Castle, Hampsted NW3",London
Foxtons - West Hampstead,https://st.zoocdn.com/zoopla_static_agent_logo_(592983).png,"£500,000","Fortune Green Road, West Hampstead, London NW6",London
Strike,https://st.zoocdn.com/zoopla_static_agent_logo_(725875).png,"£895,000","Sloane Gardens, London SW1W",London
Warren Bradley Estates,https://st.zoocdn.com/zoopla_static_agent_logo_(26663).gif,"£725,000","Lynton Avenue, London NW9",London
Savills - Margaret Street RDS,https://st.zoocdn.com/zoopla_static_agent_logo_(82122).png,"£1,520,000","King's Road Park, King's Road, London SW6",London
Savills - Margaret Street RDS,https://st.zoocdn.com/zoopla_static_agent_logo_(82122).png,"£1,015,000","King's Road Park, King's Road, London SW6",London
Savills - Margaret Street RDS,https://st.zoocdn.com/zoopla_static_agent_logo_(82122).png,"£1,400,000","King's Road Park, King's Road, London SW6",London
Savills - Mayfair & St James’s,https://st.zoocdn.com/zoopla_static_agent_logo_(648969).png,"£9,000,000","Upper Feilde, 71 Park Street, Mayfair, London W1K",London
Savills - Mayfair & St James’s,https://st.zoocdn.com/zoopla_static_agent_logo_(648969).png,"£38,500,000","Grosvenor Square, Mayfair, London W1K",London
"Purplebricks, Head Office",https://st.zoocdn.com/zoopla_static_agent_logo_(584439).png,"£500,000","Nimbus Road, Epsom KT19",Surrey
The Property Club,https://st.zoocdn.com/zoopla_static_agent_logo_(687057).png,"£950,000","The Broadway, Barnes, London SW13",London
Oliver Burn Residential,https://st.zoocdn.com/zoopla_static_agent_logo_(27641).gif,"£495,000","Dorset Road, Vauxhall, London SW8",London
Stirling Ackroyd - Twickenham,https://st.zoocdn.com/zoopla_static_agent_logo_(727051).png,"£465,000","Hounslow Road, Twickenham TW2",London
"Stanfords, Catford",https://st.zoocdn.com/zoopla_static_agent_logo_(714200).png,"£550,000","Chilthorne Close, Catford, London SE6",London
Catalyst - The Switch,https://st.zoocdn.com/zoopla_static_agent_logo_(575631).png,"£214,000","Greyhound Parade, London SW17",London
Catalyst - The Switch,https://st.zoocdn.com/zoopla_static_agent_logo_(575631).png,"£401,250","Greyhound Parade, London SW17",London
Catalyst - The Switch,https://st.zoocdn.com/zoopla_static_agent_logo_(575631).png,"£133,750","Greyhound Parade, London SW17",London
Catalyst - The Switch,https://st.zoocdn.com/zoopla_static_agent_logo_(575631).png,"£475,500","Greyhound Parade, London SW17",London
Catalyst - The Switch,https://st.zoocdn.com/zoopla_static_agent_logo_(575631).png,"£244,000","Greyhound Parade, London SW17",London
Barratt London - Springfield Place,https://st.zoocdn.com/zoopla_static_agent_logo_(511166).png,"£685,000","""Foxglove House"" at Glenburnie Road, London SW17",London
Barratt London - Springfield Place,https://st.zoocdn.com/zoopla_static_agent_logo_(511166).png,"£690,000","""Foxglove House"" at Glenburnie Road, London SW17",London
Barratt London - New Market Place,https://st.zoocdn.com/zoopla_static_agent_logo_(511166).png,"£482,995","""Gordon House"" at Pilgrims Way, London E6",London
Grove Residential,https://st.zoocdn.com/zoopla_static_agent_logo_(123349).png,"£599,950","Maytree Close, Edgware, Middlesex HA8",London
Adamson Knight Estate Agents,https://st.zoocdn.com/zoopla_static_agent_logo_(645333).png,"£400,000","Perley House, 2 Weatherley Close, Bow E3",London
Gibbs Gillespie - Harrow,https://st.zoocdn.com/zoopla_static_agent_logo_(695800).png,"£475,000","Rayners Lane, Harrow, Harrow HA2",London
Winkworth - Parsons Green,https://st.zoocdn.com/zoopla_static_agent_logo_(249290).png,"£680,000","Fulham High Street, London SW6",London
Cluttons - Tower Bridge,https://st.zoocdn.com/zoopla_static_agent_logo_(459081).png,"£795,000","Vogans Mill Wharf, 17 Mill Street, London SE1",London
"Purplebricks, Head Office",https://st.zoocdn.com/zoopla_static_agent_logo_(584439).png,"£450,000","Lansdowne Road, Purley CR8",London
"Purplebricks, Head Office",https://st.zoocdn.com/zoopla_static_agent_logo_(584439).png,"£600,000","9 Queensland Road, Highbury N7",London
Foxtons - Willesden Green,https://st.zoocdn.com/zoopla_static_agent_logo_(592983).png,"£500,000","Fortune Gate Road, Harlesden, London NW10",London
Chalk Street Estates,https://st.zoocdn.com/zoopla_static_agent_logo_(591909).png,"£800,000","Haynes Road, Hornchurch RM11",Essex
Brickworks,https://st.zoocdn.com/zoopla_static_agent_logo_(257685).png,"£725,000","Apex House, Bacon Street, Shoreditch, London E1",London
Robert Holmes,https://st.zoocdn.com/zoopla_static_agent_logo_(63041).jpeg,"£3,000,000","Malcolm Road, Wimbledon SW19",London
Brown & Brooke,https://st.zoocdn.com/zoopla_static_agent_logo_(27464).gif,"£900,000","Delacourt Road, London SE3",London
Allsop LLP,https://st.zoocdn.com/zoopla_static_agent_logo_(592083).png,"£12,500","45 Dorset Road, Nine Elms, London SW8",London
Bluestone Properties,https://st.zoocdn.com/zoopla_static_agent_logo_(273700).png,"£198,000","Penge Road, London SE25",London
Griffin Property Co,https://st.zoocdn.com/zoopla_static_agent_logo_(725425).png,"£400,000","Flat 2, 76 Cotswold Gardens NW2",London
April Properties,https://st.zoocdn.com/zoopla_static_agent_logo_(581100).png,"£750,000","Harrington Road, London E11",London
Kerr and Co,https://st.zoocdn.com/zoopla_static_agent_logo_(410226).png,"£625,000","Third Avenue, London W3",London
Home Seekers,https://st.zoocdn.com/zoopla_static_agent_logo_(718813).png,"£285,000","Johnson Street, Southall UB2",London
Frank Harris & Co.,https://st.zoocdn.com/zoopla_static_agent_logo_(722329).png,"£625,000","Aquinas Street, London SE1",London
Thomas Brown Estates,https://st.zoocdn.com/zoopla_static_agent_logo_(730222).png,"£535,000","Ruskin Drive, Orpington BR6",London
Thomas Brown Estates,https://st.zoocdn.com/zoopla_static_agent_logo_(730222).png,"£745,000","Repton Road, Orpington BR6",London
The Modern House,https://st.zoocdn.com/zoopla_static_agent_logo_(703838).png,"£720,000","Stanstead Road, London SE23",London
London & Country,https://st.zoocdn.com/zoopla_static_agent_logo_(628205).png,"£435,000","Bray Road, Inglis Barracks, London NW7",London
Benjamin Matthews,https://st.zoocdn.com/zoopla_static_agent_logo_(254442).png,"£375,000","Perry Vale, Forest Hill, London SE23",London
Cameron Estate Agents,https://st.zoocdn.com/zoopla_static_agent_logo_(595669).png,"£270,000","Meadowlea Clos, Harmondsworth, West Drayton UB7",London
Gibbs Gillespie - Ruislip Manor,https://st.zoocdn.com/zoopla_static_agent_logo_(695800).png,"£725,000","Cottingham Chase, Ruislip, Middlesex HA4",London
Cameron Estate Agents,https://st.zoocdn.com/zoopla_static_agent_logo_(595669).png,"£280,000","Meadowlea Close, Harmondsworth, West Drayton UB7",London
Keller Williams,https://st.zoocdn.com/zoopla_static_agent_logo_(512116).png,"£325,000","Dell Farm Road, Ruislip, Greater London HA4",London
Napier Watt,https://st.zoocdn.com/zoopla_static_agent_logo_(547744).png,"£3,055,000","Place, Great Portland Street, Marylebone W1W",London
Dexters - Shoreditch,https://st.zoocdn.com/zoopla_static_agent_logo_(727723).png,"£1,050,000","Garden Walk, London EC2A",London
Savills - Wandsworth,https://st.zoocdn.com/zoopla_static_agent_logo_(648969).png,"£1,300,000","Wilna Road, London SW18",London
Dexters New Homes - East London,https://st.zoocdn.com/zoopla_static_agent_logo_(727723).png,"£695,000","Golden Lane, London EC1Y",London
Fletchers Estates,https://st.zoocdn.com/zoopla_static_agent_logo_(472076).png,"£735,000","Bolingbroke Road, London W14",London
Beresfords - Hornchurch,https://st.zoocdn.com/zoopla_static_agent_logo_(61610).jpeg,"£525,000","Kempton Avenue, Hornchurch RM12",Essex
Village Estates (Sidcup) Ltd,https://st.zoocdn.com/zoopla_static_agent_logo_(724567).png,"£750,000","Longlands Road, Sidcup DA15",Kent
Prime Portfolio,https://st.zoocdn.com/zoopla_static_agent_logo_(396311).png,"£3,600,000","Cadogan Gardens, London SW3",London
Kings Group - Tottenham,https://st.zoocdn.com/zoopla_static_agent_logo_(662595).png,"£440,000","Station Crescent, London N15",London
Russell Simpson,https://st.zoocdn.com/zoopla_static_agent_logo_(50788).jpeg,"£2,800,000","Draycott Place, Chelsea, London SW3",London
Dexters - Islington,https://st.zoocdn.com/zoopla_static_agent_logo_(727723).png,"£699,950","De Beauvoir Crescent, London N1",London
Langford Russell - Bromley,https://st.zoocdn.com/zoopla_static_agent_logo_(732787).png,"£350,000","Homesdale Road, Bromley BR2",London
Cairds Estate Agents,https://st.zoocdn.com/zoopla_static_agent_logo_(511311).png,"£450,000","Horton Hill, Epsom KT19",Surrey
Milestone Residential,https://st.zoocdn.com/zoopla_static_agent_logo_(709844).png,"£650,000","Lyndhurst Avenue, Whitton, Twickenham TW2",London
SO Resi Greenford,https://st.zoocdn.com/zoopla_static_agent_logo_(487586).png,"£83,750","Oldfield Lane North Dimsdale, London UB6",London
UK BC,https://st.zoocdn.com/zoopla_static_agent_logo_(679924).png,"£425,000","Mill Hill, London NW7",Hertfordshire
Berkshire Hathaway HomeServices Kay & Co,https://st.zoocdn.com/zoopla_static_agent_logo_(692112).png,"£849,950","York Way, London N7",London
Heaven Estate Agent LTD,https://st.zoocdn.com/zoopla_static_agent_logo_(320249).png,"£530,000","Middle Road, London SW16",London
Douglas & Gordon - Pimlico & Westminster,https://st.zoocdn.com/zoopla_static_agent_logo_(712105).png,"£600,000","Aylesford Street, London SW1V",London
Savills - Sloane Street,https://st.zoocdn.com/zoopla_static_agent_logo_(648969).png,"£4,750,000","Eaton Square, London SW1W",London
Savills - Sloane Street,https://st.zoocdn.com/zoopla_static_agent_logo_(648969).png,"£7,750,000","Eaton Square, London SW1W",London
Your Move - Eltham,https://st.zoocdn.com/zoopla_static_agent_logo_(288488).png,"£350,000","Ravens Way, London SE12",London
Your Move - Petty Freeman,https://st.zoocdn.com/zoopla_static_agent_logo_(326495).png,"£370,000","Brenda Court, 14 Granville Road, Sidcup DA14",Kent
Jacksons Estate Agents - Balham,https://st.zoocdn.com/zoopla_static_agent_logo_(275279).png,"£250,000","Balham High Road, London SW17",London
Bellway - Beckton Parkside,https://st.zoocdn.com/zoopla_static_agent_logo_(458905).png,"£308,000","Newham Way, Beckton, London E6",London
Hamptons - Balham Sales,https://st.zoocdn.com/zoopla_static_agent_logo_(707660).png,"£925,000","Conyers Road, London SW16",London
Garton Jones - Chelsea Bridge Wharf,https://st.zoocdn.com/zoopla_static_agent_logo_(366681).png,"£1,700,000","Eustace, 372 Queenstown Road SW11",London
Oaks Estate Agents,https://st.zoocdn.com/zoopla_static_agent_logo_(728578).png,"£425,000","Streatham High Road, London SW16",London
Langford Russell - West Wickham,https://st.zoocdn.com/zoopla_static_agent_logo_(732787).png,"£700,000","Queensway, West Wickham BR4",London
The Maison Mason,https://st.zoocdn.com/zoopla_static_agent_logo_(688346).png,"£1,100,000","Sylvan Hill, London SE19",London
Bellway - Beckton Parkside,https://st.zoocdn.com/zoopla_static_agent_logo_(458905).png,"£282,000","Newham Way, Beckton, London E6",London
Camrose London,,"£650,000","252 Finchley Road, London NW3",London
Conran,https://st.zoocdn.com/zoopla_static_agent_logo_(670016).png,"£370,000","Manor Avenue, Brockley SE4",London
Foxtons - Streatham,https://st.zoocdn.com/zoopla_static_agent_logo_(592983).png,"£350,000","Oakdale Road, Streatham Common, London SW16",London
Lux Homes,https://st.zoocdn.com/zoopla_static_agent_logo_(675562).png,"£385,000","North Street, Romford RM1",Essex
Foxtons - Kingston,https://st.zoocdn.com/zoopla_static_agent_logo_(592983).png,"£500,000","Lovelace Road, Surbiton KT6",London
Robinson Jackson - Sydenham,https://st.zoocdn.com/zoopla_static_agent_logo_(433629).png,"£250,000","Deans Gate Close, Forest Hill, London SE23",London
Tony Paul Estate Agents,https://st.zoocdn.com/zoopla_static_agent_logo_(137829).png,"£385,000","Swallow Drive, Northolt UB5",London
Taylor Gibbs,https://st.zoocdn.com/zoopla_static_agent_logo_(633548).png,"£850,000","Thornbury Square, Highgate N6",London
Knight Frank - Wandsworth Sales,https://st.zoocdn.com/zoopla_static_agent_logo_(134845).png,"£2,400,000","Ritherdon Road, London SW17",London
Balgores Dagenham,https://st.zoocdn.com/zoopla_static_agent_logo_(291322).png,"£385,000","Devon Road, Barking IG11",Essex
Gravitas Residential,https://st.zoocdn.com/zoopla_static_agent_logo_(683673).png,"£4,450,000","Holmes Road, Kentish Town, London NW5",London
Barnard Marcus - Hayes,https://st.zoocdn.com/zoopla_static_agent_logo_(592283).png,"£260,000","Coldharbour Lane, Hayes UB3",London
Barnard Marcus - Sanderstead,https://st.zoocdn.com/zoopla_static_agent_logo_(592283).png,"£315,000","Lower Road, Kenley CR8",London
Winkworth - Finchley,https://st.zoocdn.com/zoopla_static_agent_logo_(249290).png,"£340,000","Dollis Road, Finchley, London N3",London
Dexters - Acton,https://st.zoocdn.com/zoopla_static_agent_logo_(727723).png,"£560,000","Valetta Road, London W3",London
"Property World, Penge",https://st.zoocdn.com/zoopla_static_agent_logo_(309583).png,"£550,000","Wiverton Road, Sydenham, London SE26",London
David Astburys,https://st.zoocdn.com/zoopla_static_agent_logo_(723376).png,"£575,000","Ferme Park Road, London N8",London
Winkworth - Harringay,https://st.zoocdn.com/zoopla_static_agent_logo_(249290).png,"£147,000","Rowland Road, London N17",London
Gravitas Residential,https://st.zoocdn.com/zoopla_static_agent_logo_(683673).png,"£675,000","Blenheim Road, Raynes Park SW20",London
Strike,https://st.zoocdn.com/zoopla_static_agent_logo_(725875).png,"£265,000","Clydesdale Way, Belvedere DA17",Kent
Cromwells Estate Agents Ltd,https://st.zoocdn.com/zoopla_static_agent_logo_(567814).png,"£19,995","Alcester Road, Wallington SM6",London
Pollard Machin,https://st.zoocdn.com/zoopla_static_agent_logo_(64395).png,"£700,000","The Woodfields, Sanderstead, Surrey CR2",London
Stirling Ackroyd - Brixton,https://st.zoocdn.com/zoopla_static_agent_logo_(727051).png,"£400,000","Ferndale Road, London SW9",London
Davies & Davies,https://st.zoocdn.com/zoopla_static_agent_logo_(404365).png,"£450,000","Stroud Green Road, London N4",London
Cockburn Estate Agents,https://st.zoocdn.com/zoopla_static_agent_logo_(69104).png,"£270,000","Belvoir Close, London SE9",London
Baker Estates,https://st.zoocdn.com/zoopla_static_agent_logo_(66951).png,"£450,000","New North Road, Hainault IG6",Essex
Porters Estate Agents,https://st.zoocdn.com/zoopla_static_agent_logo_(465804).png,"£850,000","Tantallon Road, London SW12",London
Barnard Marcus - South Croydon,https://st.zoocdn.com/zoopla_static_agent_logo_(592283).png,"£750,000","Haling Park Road, South Croydon CR2",London
Streets Ahead - Coulsdon,https://st.zoocdn.com/zoopla_static_agent_logo_(316340).png,"£850,000","The Netherlands, Coulsdon CR5",London
Dexters - London Bridge,https://st.zoocdn.com/zoopla_static_agent_logo_(727723).png,"£775,000","Mill Street, London SE1",London
Savills - Richmond,https://st.zoocdn.com/zoopla_static_agent_logo_(648969).png,"£2,595,000","Belmont Road, Twickenham TW2",London
Dexters New Homes - East London,https://st.zoocdn.com/zoopla_static_agent_logo_(727723).png,"£705,000","Bridport Place, London N1",London
Streets Ahead - Crystal Palace,https://st.zoocdn.com/zoopla_static_agent_logo_(316340).png,"£325,000","Wavel Place, Sydenham, London SE26",London
Auction House London,https://st.zoocdn.com/zoopla_static_agent_logo_(487640).png,"£375,000","Flat 7 Charlwood House, Streatham Hill, London SW2",London
Barnard Marcus - Sanderstead,https://st.zoocdn.com/zoopla_static_agent_logo_(592283).png,"£270,000","The Avenue, Coulsdon CR5",London
Barnard Marcus - Sydenham,https://st.zoocdn.com/zoopla_static_agent_logo_(592283).png,"£700,000","Carstairs Road, London SE6",London
Cubitt & West - Shirley,https://st.zoocdn.com/zoopla_static_agent_logo_(653670).png,"£600,000","Hartland Way, Shirley, Croydon, Surrey CR0",London
Albert Grace Estate Agents,https://st.zoocdn.com/zoopla_static_agent_logo_(721072).png,"£700,000","Neville Close, London SE15",London
Gibbs Gillespie - Uxbridge,https://st.zoocdn.com/zoopla_static_agent_logo_(695800).png,"£585,000","Telford Way, Hayes, Hillingdon UB4",London
Savills - Ealing,https://st.zoocdn.com/zoopla_static_agent_logo_(114921).png,"£2,950,000","The Avenue, London W13",London
Gibbs Gillespie - Uxbridge,https://st.zoocdn.com/zoopla_static_agent_logo_(695800).png,"£335,000","Valley Road, Uxbridge UB10",London
Moveli,https://st.zoocdn.com/zoopla_static_agent_logo_(687104).png,"£750,000","Beltran Road, London SW6",London
The Modern House,https://st.zoocdn.com/zoopla_static_agent_logo_(703838).png,"£685,000","Candlemakers Apartments, York Road, London SW11",London
Cranbrook lettings LTD,https://st.zoocdn.com/zoopla_static_agent_logo_(526391).png,"£560,000","Colvin Gardens, Ilford IG6",Essex
Savills - Richmond,https://st.zoocdn.com/zoopla_static_agent_logo_(648969).png,"£4,650,000","Martineau Drive, Twickenham TW1",London
Becketts Estate Agents,https://st.zoocdn.com/zoopla_static_agent_logo_(130669).png,"£320,000","Brownlow Close, New Barnet EN4",Hertfordshire
Auction House London,https://st.zoocdn.com/zoopla_static_agent_logo_(487640).png,"£265,000","18 Catisfield Road, Enfield, Middlesex EN3",London
Havilands,https://st.zoocdn.com/zoopla_static_agent_logo_(397106).png,"£1,150,000","Compton Road, Winchmore Hill N21",London
Kurtis,,POA,"Matrix Village, Alexandra Avenue, Harrow HA2",London
Kurtis,,"£220,000","Longbridge Road, Barking IG11",Essex
Kurtis,,"£330,000","Matrix Village, Alexandra Avenue, Harrow HA2",London
Kurtis,,"£580,000","Tower Hamlets Road, Forest Gate E7",London
Kurtis,,"£300,000","Matrix Village, Alexandra Avenue, Harrow HA2",London
Maalems Ltd,https://st.zoocdn.com/zoopla_static_agent_logo_(135929).png,"£460,000","Worple Road, London SW19",London
Winkworth - Crouch End,https://st.zoocdn.com/zoopla_static_agent_logo_(249290).png,"£350,000","Mayfield Road, London N8",London
Martin & Co Crystal Palace,https://st.zoocdn.com/zoopla_static_agent_logo_(695453).png,"£699,995","Crouchman's Close, Sydenham, London, Greater London SE26",London
Gibbs Gillespie - Ickenham,https://st.zoocdn.com/zoopla_static_agent_logo_(695800).png,"£1,200,000","Parkfield Road, Ickenham, Uxbridge UB10",London
Sandra Davidson,https://st.zoocdn.com/zoopla_static_agent_logo_(78179).jpeg,"£475,000","Colchester Avenue, London E12",London
Alan De Maid - Bromley,https://st.zoocdn.com/zoopla_static_agent_logo_(640020).png,"£600,000","Hastings Road, Bromley BR2",London
Griffin Residential,https://st.zoocdn.com/zoopla_static_agent_logo_(720781).png,"£500,000","Clement Way, Upminster RM14",Essex
JLL - Greenwich,https://st.zoocdn.com/zoopla_static_agent_logo_(526089).png,"£835,000","Azof Street, London SE10",London
Capital Sidcup,https://st.zoocdn.com/zoopla_static_agent_logo_(704953).png,"£300,000","Halfway Street, Sidcup, Kent DA15",Kent
Petermans,https://st.zoocdn.com/zoopla_static_agent_logo_(541675).png,"£450,000","Northlands Street, London SE5",London
Allan Fuller,https://st.zoocdn.com/zoopla_static_agent_logo_(247756).png,"£695,000","Putney Heath Lane, London SW15",London
James Anderson Estate Agents,https://st.zoocdn.com/zoopla_static_agent_logo_(714774).png,"£600,000","Lower Richmond Road, Richmond TW9",Surrey
SAVOYS,https://st.zoocdn.com/zoopla_static_agent_logo_(710133).png,"£495,000","Priory Terrace, Hampstead NW6, London",London
Knight Frank - South Kensington Sales,https://st.zoocdn.com/zoopla_static_agent_logo_(644074).png,"£4,995,000","Clareville Street, South Kensington, London SW7",London
Portico - Islington,https://st.zoocdn.com/zoopla_static_agent_logo_(293928).png,"£415,000","Central Street, London EC1V",London
Christopher Charles,,"£635,000","Marquis Road, London N4",London
Latimer Homes - The Boulevard,https://st.zoocdn.com/zoopla_static_agent_logo_(725569).png,"£1,185,000","90 Blackfriars Road, Southwark SE1",London
Curchods - New Malden,https://st.zoocdn.com/zoopla_static_agent_logo_(728266).png,"£700,000","New Malden House, 1 Blagdon Road, New Malden KT3",London
Stirling Ackroyd - South Norwood,https://st.zoocdn.com/zoopla_static_agent_logo_(727051).png,"£325,000","Watson Place, London SE25",London
Alan De Maid - West Wickham,https://st.zoocdn.com/zoopla_static_agent_logo_(640020).png,"£950,000","Monks Orchard Road, Beckenham BR3",London
Sinclair Hammelton,https://st.zoocdn.com/zoopla_static_agent_logo_(153100).png,"£750,000","Woodhurst Avenue, Petts Wood, Kent BR5",London
Leaders - Croydon,https://st.zoocdn.com/zoopla_static_agent_logo_(251889).png,"£475,000","Crofters Mead, Court Wood Lane, Croydon CR0",London
Dexters - Islington,https://st.zoocdn.com/zoopla_static_agent_logo_(727723).png,"£1,600,000","Hopping Lane, London N1",London
Portico - Highbury,https://st.zoocdn.com/zoopla_static_agent_logo_(293928).png,"£425,000","Coniston Road, London N10",London
Coopers Residential - Hillingdon,https://st.zoocdn.com/zoopla_static_agent_logo_(447548).png,"£550,000","Grosvenor Crescent, Hillingdon UB10",London
Keating Estates,https://st.zoocdn.com/zoopla_static_agent_logo_(153574).png,"£495,000","Saltoun Road, London SW2",London
Savills - Battersea Park,https://st.zoocdn.com/zoopla_static_agent_logo_(648969).png,"£2,250,000","Albert Bridge Road, London SW11",London
Madison Brook International E16,https://st.zoocdn.com/zoopla_static_agent_logo_(575649).png,"£500,000","Royal Mint Street, London E1",London
Hawes & Co - Wimbledon Broadway,https://st.zoocdn.com/zoopla_static_agent_logo_(167553).png,"£495,000","Hartfield Road, Wimbledon, London SW19",London
Hamptons - Prime Sales Stanmore,https://st.zoocdn.com/zoopla_static_agent_logo_(707660).png,"£2,500,000","Fallowfield, Stanmore HA7",London
Savills - Clerkenwell,https://st.zoocdn.com/zoopla_static_agent_logo_(120057).png,"£2,100,000","Paramount Building, 206-212 St. John Street, Clerkenwell, London EC1V",London
Sinton Andrews,https://st.zoocdn.com/zoopla_static_agent_logo_(670722).png,"£350,000","Mount Park Road, Ealing W5",London
Alter & Cope,https://st.zoocdn.com/zoopla_static_agent_logo_(720258).png,"£280,000","Marine Crescent, Ilford IG6",Essex
Lakin & Co Ickenham,https://st.zoocdn.com/zoopla_static_agent_logo_(671347).png,"£800,000","Lodore Green, Ickenham, Uxbridge UB10",London
Leaders - Croydon,https://st.zoocdn.com/zoopla_static_agent_logo_(251889).png,"£270,000","Eden Road, Croydon, Surrey CR0",London
Auction House London,https://st.zoocdn.com/zoopla_static_agent_logo_(487640).png,"£170,000","Flat 16 Meadowbridge Court, 99 Princess Road, Croydon, Surrey CR0",London
Rosewood Estates,https://st.zoocdn.com/zoopla_static_agent_logo_(341238).png,"£359,950","Farm Lane, Fulham SW6",London
Coopers Residential - Hillingdon,https://st.zoocdn.com/zoopla_static_agent_logo_(447548).png,"£550,000","Lees Road, Hillingdon UB8",London
"Chase Buchanan, Twickenham Sales and Lettings",https://st.zoocdn.com/zoopla_static_agent_logo_(666784).png,"£295,000","Collingwood Close, Twickenham TW2",London
Estates East,https://st.zoocdn.com/zoopla_static_agent_logo_(724195).png,"£925,000","Chelmsford Road, Walthamstow, London E17",London
Garrison Estates,https://st.zoocdn.com/zoopla_static_agent_logo_(696085).png,"£750,000","Bathurst Gardens, Kensal Rise, London NW10",London
Strike,https://st.zoocdn.com/zoopla_static_agent_logo_(725875).png,"£425,000","Trowbridge Road, London E9",London
Winkworth - Tooting,https://st.zoocdn.com/zoopla_static_agent_logo_(249290).png,"£695,000","Stapleton Road, London SW17",London
Dexters - St Margarets,https://st.zoocdn.com/zoopla_static_agent_logo_(727723).png,"£825,000","Winchester Road, St Margarets, Twickenham TW1",London
RE/MAX Capital,https://st.zoocdn.com/zoopla_static_agent_logo_(505923).png,"£1,199,000","St. Johns Building, 79 Marsham Street, London SW1P",London
Maxwell Properties,https://st.zoocdn.com/zoopla_static_agent_logo_(429266).png,"£170,000","The Turret, 295 Rayners Lane, Harrow HA2",London
Strike,https://st.zoocdn.com/zoopla_static_agent_logo_(725875).png,"£525,000","Peckham Grove, London SE15",London
Delaney's,https://st.zoocdn.com/zoopla_static_agent_logo_(41635).jpeg,"£500,000","Heron Way, Cranham, Upminster RM14",Essex
Carrington Estate Agent,https://st.zoocdn.com/zoopla_static_agent_logo_(591515).png,"£330,000","Queens Avenue, London N21",London
London Property Zone,https://st.zoocdn.com/zoopla_static_agent_logo_(357523).png,"£725,000","Beadon Road, Hammersmith W6",London
Bairstow Eves - Romford Sales,https://st.zoocdn.com/zoopla_static_agent_logo_(640056).png,"£600,000","Mawney Road, Romford RM7",Essex
Bairstow Eves - Stratford Sales,https://st.zoocdn.com/zoopla_static_agent_logo_(640056).png,"£425,000","Belton Road, London E7",London
Your Move - Bexleyheath,https://st.zoocdn.com/zoopla_static_agent_logo_(288488).png,"£225,000","Methuen Road, Bexleyheath DA6",Kent
Chancellors - Notting Hill,https://st.zoocdn.com/zoopla_static_agent_logo_(487497).png,"£1,250,000","Castleton Court, Westminster W2",London
Rose & Partners,https://st.zoocdn.com/zoopla_static_agent_logo_(648852).png,"£2,950,000","Beaufort Street, London SW3",London
eXp World UK,https://st.zoocdn.com/zoopla_static_agent_logo_(709247).png,"£325,000","Thicket Road, London SE20",London
Barnard Marcus - Whetstone,https://st.zoocdn.com/zoopla_static_agent_logo_(592283).png,"£500,000","Heming Road, Edgware HA8",London
Barnard Marcus - Earl's Court,https://st.zoocdn.com/zoopla_static_agent_logo_(592283).png,"£649,000","Bramham Gardens, London SW5",London
Kings Reed,https://st.zoocdn.com/zoopla_static_agent_logo_(730864).png,"£500,000","Lincombe Road, Bromley BR1",London
Just Sold,https://st.zoocdn.com/zoopla_static_agent_logo_(723052).png,"£975,000","Mayfair Avenue, Ilford IG1",Essex
EweMove Sales & Lettings - Bexleyheath,https://st.zoocdn.com/zoopla_static_agent_logo_(381970).png,"£525,000","Lyndhurst Road, Bexleyheath DA7",Kent
"Purplebricks, Head Office",https://st.zoocdn.com/zoopla_static_agent_logo_(584439).png,"£700,000","Orsett Terrace, Bayswater W2",London
Outlook Property - Docklands/Excel,https://st.zoocdn.com/zoopla_static_agent_logo_(525474).png,"£425,000","Seagull Lane, Western Gateway, London E16",London
Hamptons - Epsom Sales,https://st.zoocdn.com/zoopla_static_agent_logo_(707660).png,"£1,300,000","York Road, Cheam, Sutton SM2",London
"Purplebricks, Head Office",https://st.zoocdn.com/zoopla_static_agent_logo_(584439).png,"£500,000","Nunhead Green, Nunhead SE15",London
Kinleigh Folkard & Hayward - St John's Wood Sales,https://st.zoocdn.com/zoopla_static_agent_logo_(621982).png,"£500,000","Abercorn Place, London NW8",London
JOHNS&CO - Brentford,https://st.zoocdn.com/zoopla_static_agent_logo_(505166).png,"£475,000","Justin Close, Brentford TW8",London
Fish Need Water,https://st.zoocdn.com/zoopla_static_agent_logo_(348846).png,"£375,000","Westwood Hill, Sydenham SE26",London
Estate and Agent,https://st.zoocdn.com/zoopla_static_agent_logo_(526648).png,"£360,000","Melliss Avenue, Richmond TW9",Surrey
Estate and Agent,https://st.zoocdn.com/zoopla_static_agent_logo_(526648).png,"£370,000","Glamorgan Road, Hampton Wick KT1",London
"Stanfords, Catford",https://st.zoocdn.com/zoopla_static_agent_logo_(714200).png,"£450,000","Westdown Road, Catford, London SE6",London
"Stanfords, Forest Hill",https://st.zoocdn.com/zoopla_static_agent_logo_(714197).png,"£360,000","Dartmouth Road, Forest Hill, London SE23",London
"Stanfords, Forest Hill",https://st.zoocdn.com/zoopla_static_agent_logo_(714197).png,"£499,950","David's Road, Forest Hill, London SE23",London
Bairstow Eves - Norbury Sales,https://st.zoocdn.com/zoopla_static_agent_logo_(640056).png,"£400,000","Tylecroft Road, London SW16",London
Bairstow Eves - Norbury Sales,https://st.zoocdn.com/zoopla_static_agent_logo_(640056).png,"£300,000","Shirley Court, London Road, London SW16",London
Luxon Real Estate,https://st.zoocdn.com/zoopla_static_agent_logo_(729700).png,"£425,000","303 Hight Street, Sutton SM1",London
Stoneshaw Estates,https://st.zoocdn.com/zoopla_static_agent_logo_(157175).png,"£400,000","Rainham Road North, Dagenham, Essex RM10",Essex
Raynard Hayes Estates,https://st.zoocdn.com/zoopla_static_agent_logo_(282006).png,"£695,000","Summers Lane, North Finchley N12",London
"Purplebricks, Head Office",https://st.zoocdn.com/zoopla_static_agent_logo_(584439).png,"£400,000","Bannister Close, Brixton SW2",London
Ludlow Thompson - Bow,https://st.zoocdn.com/zoopla_static_agent_logo_(302206).png,"£425,000","Bramble Path, London E3",London
Crown House Estates,https://st.zoocdn.com/zoopla_static_agent_logo_(682619).png,"£325,000","Beaconsfield Road, London N11",London
The Personal Agent Epsom,https://st.zoocdn.com/zoopla_static_agent_logo_(719983).png,"£325,000","Farriers Road, Epsom KT17",Surrey
Eddison White,https://st.zoocdn.com/zoopla_static_agent_logo_(59918).jpeg,"£270,000","Kennet Square, Mitcham CR4",London
Khanadams,https://st.zoocdn.com/zoopla_static_agent_logo_(666194).png,"£800,000","Levett Garden, Ilford IG3",Essex
Kings Group - Walthamstow,https://st.zoocdn.com/zoopla_static_agent_logo_(662595).png,"£265,000","Lea Bridge Road, London E10",London
Century 21 Ealing,https://st.zoocdn.com/zoopla_static_agent_logo_(715443).png,"£759,950","Heston Road, Heston, Hounslow TW5",London
Knight Frank - Islington Sales,https://st.zoocdn.com/zoopla_static_agent_logo_(116061).png,"£1,875,000","Northampton Park, London N1",London
Stirling Ackroyd - Thornton Heath,https://st.zoocdn.com/zoopla_static_agent_logo_(727051).png,"£525,000","Kirklees Road, Thornton Heath CR7",London
Kinleigh Folkard & Hayward - Fulham and Chelsea Sales,https://st.zoocdn.com/zoopla_static_agent_logo_(621982).png,"£895,000","Shorrolds Road, London SW6",London
David Andrew Estates,https://st.zoocdn.com/zoopla_static_agent_logo_(666979).png,"£550,000","Tollington Park, London N4",London
Madison Brook International SE13,https://st.zoocdn.com/zoopla_static_agent_logo_(575649).png,"£450,000","Elmira Street, London SE13",London
Chestertons - Islington,https://st.zoocdn.com/zoopla_static_agent_logo_(253788).png,"£2,500,000","Queen Elizabeths Walk, Stoke Newington, London N16",London
Coopers Residential - West Drayton,https://st.zoocdn.com/zoopla_static_agent_logo_(447558).png,"£250,000","Hatton Grove, West Drayton UB7",London
Eaton Green,https://st.zoocdn.com/zoopla_static_agent_logo_(134985).png,"£375,000","Fontenelle, Sceaux Gardens, London SE5",London
Phillips & Co,https://st.zoocdn.com/zoopla_static_agent_logo_(249416).png,"£120,000","Bishops Court, Watford Road, Wembley HA0",London
LRC - London Sales and Letting Agency,https://st.zoocdn.com/zoopla_static_agent_logo_(497206).png,"£2,272,400","Westmark Tower, West End Gate, Marylebone, London W2",London
Heaven Estate Agent LTD,https://st.zoocdn.com/zoopla_static_agent_logo_(320249).png,"£540,000","Kimberley Road, Croydon CR0",London
Keller Williams London Bridge,https://st.zoocdn.com/zoopla_static_agent_logo_(623201).png,"£295,000","Broadfield Lane, London, London NW1",London
Brian Cox - North Harrow,https://st.zoocdn.com/zoopla_static_agent_logo_(280176).png,"£400,000","Butler Road, Harrow HA1",London
Seymours - Surbiton,https://st.zoocdn.com/zoopla_static_agent_logo_(676798).png,"£900,000","Tolworth Park Road, Surbiton KT6",London
LRC - London Sales and Letting Agency,https://st.zoocdn.com/zoopla_static_agent_logo_(497206).png,"£679,600","Hope Street, Battersea, London SW11",London
LRC - London Sales and Letting Agency,https://st.zoocdn.com/zoopla_static_agent_logo_(497206).png,"£978,950","Hope Street, Battersea, London SW11",London
The Address,https://st.zoocdn.com/zoopla_static_agent_logo_(315596).png,"£825,000","Village Way, Beckenham BR3",London
LRC - London Sales and Letting Agency,https://st.zoocdn.com/zoopla_static_agent_logo_(497206).png,"£469,950","Kingly Building, Woodberry Down, Finsbury Park, London N4",London
LRC - London Sales and Letting Agency,https://st.zoocdn.com/zoopla_static_agent_logo_(497206).png,"£1,197,600","Golden Lane, Barbican, London EC1Y",London
Hobarts Estate & Letting Agents - London (North),https://st.zoocdn.com/zoopla_static_agent_logo_(73363).jpeg,"£575,000","York Road, Bounds Green N11",London
Godson des Forges,https://st.zoocdn.com/zoopla_static_agent_logo_(733131).png,"£2,495,000","Draycott Place, London SW3",London
Martyn Gerrard - Mill Hill - Sales,https://st.zoocdn.com/zoopla_static_agent_logo_(687544).png,"£660,000","Tithe Close, Mill Hill, London NW7",London
Knight Frank - Southbank Sales,https://st.zoocdn.com/zoopla_static_agent_logo_(644074).png,"£2,250,000","Palace View, Lambeth, London SE1",London
Rosewood Estates,https://st.zoocdn.com/zoopla_static_agent_logo_(341238).png,"£799,950","Ann Lane, Chelsea SW10",London
Knight Frank - Fulham Sales,https://st.zoocdn.com/zoopla_static_agent_logo_(134889).png,"£2,900,000","Felden Street, Fulham, London SW6",London
Wimbledon Homes,https://st.zoocdn.com/zoopla_static_agent_logo_(732568).png,"£7,350,000","Lancaster Gardens, London SW19",London
Kinleigh Folkard & Hayward - St John's Wood Sales,https://st.zoocdn.com/zoopla_static_agent_logo_(621982).png,"£675,000","Mackennal Street, London NW8",London
London Habitat,https://st.zoocdn.com/zoopla_static_agent_logo_(160598).png,"£1,450,000","Greencroft Gardens, London NW6",London
David Andrew Estates,https://st.zoocdn.com/zoopla_static_agent_logo_(666979).png,"£550,000","Alexandra Grove, London N4",London
Location Location,https://st.zoocdn.com/zoopla_static_agent_logo_(243868).png,"£400,000","Lordship Grove, London N16",London
Location Location,https://st.zoocdn.com/zoopla_static_agent_logo_(243868).png,"£550,000","Amhurst Road, London N16",London
Bowden Bradley,https://st.zoocdn.com/zoopla_static_agent_logo_(732151).png,"£550,000","Clive Road, Heath Park, Romford RM2",Essex
Yopa,https://st.zoocdn.com/zoopla_static_agent_logo_(654233).png,"£500,000","Old Ford Road, London E2",London
Robinson Jackson - Orpington,https://st.zoocdn.com/zoopla_static_agent_logo_(433629).png,"£600,000","Borkwood Park, South Orpington, Kent BR6",London
Notting Hill Genesis - SO Dockside at Millharbour,https://st.zoocdn.com/zoopla_static_agent_logo_(721951).png,"£680,000","41 Mastmaker Road, London E14",London
Notting Hill Genesis - SO Dockside at Millharbour,https://st.zoocdn.com/zoopla_static_agent_logo_(721951).png,"£170,000","41 Mastmaker Road, London E14",London
Savills - Wimbledon,https://st.zoocdn.com/zoopla_static_agent_logo_(648969).png,"£1,695,000","Birkbeck Road, Wimbledon, London SW19",London
Savills - Waterfront,https://st.zoocdn.com/zoopla_static_agent_logo_(115021).png,"£3,300,000","South Bank Tower, 55 Upper Ground, London SE1",London
Savills - Wimbledon,https://st.zoocdn.com/zoopla_static_agent_logo_(648969).png,"£4,250,000","St. John's Road, Wimbledon, London SW19",London
"Purplebricks, Head Office",https://st.zoocdn.com/zoopla_static_agent_logo_(584439).png,"£1,250,000","Southdown Avenue, London W7",London
"Purplebricks, Head Office",https://st.zoocdn.com/zoopla_static_agent_logo_(584439).png,"£300,000","Newcourt, Uxbridge UB8",London
"Purplebricks, Head Office",https://st.zoocdn.com/zoopla_static_agent_logo_(584439).png,"£335,000","Streatham Close, Streatham SW16",London
"Purplebricks, Head Office",https://st.zoocdn.com/zoopla_static_agent_logo_(584439).png,"£360,000","26A Romeyn Road, Streatham Hill SW16",London
Oliver Burn Residential,https://st.zoocdn.com/zoopla_static_agent_logo_(27641).gif,"£875,000","Kings Lodge, Kings Avenue, Clapham Park SW4",London
Barratt London - Millbrook Park,https://st.zoocdn.com/zoopla_static_agent_logo_(262764).png,"£600,000","""Bramble Apartments"" at Bittacy Hill, London NW7",London
Barratt London - Millbrook Park,https://st.zoocdn.com/zoopla_static_agent_logo_(262764).png,"£561,000","""Meadow Apartments"" at Bittacy Hill, London NW7",London
Hamptons - City Sales,https://st.zoocdn.com/zoopla_static_agent_logo_(707660).png,"£1,000,000","Dudley Court, 36 Endell Street, London WC2H",London
Hamptons - Chiswick Sales,https://st.zoocdn.com/zoopla_static_agent_logo_(707660).png,"£400,000","Kew Eye Apartments, Ealing Road, Brentford TW8",London
Winkworth - Dulwich,https://st.zoocdn.com/zoopla_static_agent_logo_(249290).png,"£1,200,000","Whateley Road, East Dulwich, London SE22",London
Chestertons - Camden & Primrose Hill,https://st.zoocdn.com/zoopla_static_agent_logo_(253788).png,"£400,000","Malden Road, London NW5",London
Streets Ahead - Croydon,https://st.zoocdn.com/zoopla_static_agent_logo_(316340).png,"£535,000","Fullerton Road, Addiscombe, Croydon CR0",London
Behr and Butchoff,https://st.zoocdn.com/zoopla_static_agent_logo_(54436).jpeg,"£975,000","Pavilion Apartments, 34 St. Johns Wood Road, London NW8",London
Behr and Butchoff,https://st.zoocdn.com/zoopla_static_agent_logo_(54436).jpeg,"£635,000","Eamont Court, Mackennal Street, St John's Wood, London NW8",London
Streets Ahead - Croydon Central,https://st.zoocdn.com/zoopla_static_agent_logo_(316340).png,"£329,950","Avondale Road, South Croydon CR2",London
Tyron Ash,https://st.zoocdn.com/zoopla_static_agent_logo_(661759).png,"£859,000","Damac Tower, Nine Elms, London SW8",London
Foxtons - Wimbledon,https://st.zoocdn.com/zoopla_static_agent_logo_(592983).png,"£1,150,000","Raymond Road, Wimbledon Village, London SW19",London
Ariston Property,https://st.zoocdn.com/zoopla_static_agent_logo_(472252).png,"£495,000","Holloway Road, London N19",London
Tyron Ash,https://st.zoocdn.com/zoopla_static_agent_logo_(661759).png,"£1,016,000","Damac Tower, Nine Elms, London SW8",London
Marcus Telford,https://st.zoocdn.com/zoopla_static_agent_logo_(717654).png,"£550,000","Rossindel Road, Hounslow TW3",London
Savills - St. John's Wood & Regents Park,https://st.zoocdn.com/zoopla_static_agent_logo_(115017).png,"£8,950,000","Cumberland Terrace, Regent's Park, London NW1",London
Urban Moves,https://st.zoocdn.com/zoopla_static_agent_logo_(154059).png,"£220,500","Devonshire House, 50 Putney Hill, London SW15",London
Urban Moves,https://st.zoocdn.com/zoopla_static_agent_logo_(154059).png,"£110,000","Fable Apartments, 261c City Road, London EC1V",London
Cutler & Bond,https://st.zoocdn.com/zoopla_static_agent_logo_(732931).png,"£1,000,000","Tadema Road, Chelsea SW10",London
Foxtons - Balham,https://st.zoocdn.com/zoopla_static_agent_logo_(592983).png,"£625,000","Kendoa Road, Clapham, London SW4",London
Winkworth - Harringay,https://st.zoocdn.com/zoopla_static_agent_logo_(249290).png,"£600,000","Beaufoy Road, London N17",London
Knight Frank - Southbank Sales,https://st.zoocdn.com/zoopla_static_agent_logo_(644074).png,"£3,750,000","Peninsula Heights, 93 Albert Embankment, London SE1",London
Spencer & Sener,https://st.zoocdn.com/zoopla_static_agent_logo_(519169).png,"£720,000","Dragons Way, Barnet EN5",Hertfordshire
Aston Chase,https://st.zoocdn.com/zoopla_static_agent_logo_(703975).png,"£4,795,000","Clifton Hill, St John's Wood, London NW8",London
Your Move - Bexleyheath,https://st.zoocdn.com/zoopla_static_agent_logo_(288488).png,"£400,000","Mayplace Road East, Bexleyheath DA7",Kent
Bairstow Eves - Stratford Sales,https://st.zoocdn.com/zoopla_static_agent_logo_(640056).png,"£450,000","Silverland Street, North Woolwich, London, England E16",London
City & Town Estates Ltd,https://st.zoocdn.com/zoopla_static_agent_logo_(519576).png,"£1,650,000","Crossfield Road, Belsize Park-Swiss Cottage NW3",London
Stones Residential,https://st.zoocdn.com/zoopla_static_agent_logo_(248521).png,"£549,950","Howard Road, Stanmore HA7",London
James Bailey Sales & Lettings,https://st.zoocdn.com/zoopla_static_agent_logo_(720079).png,"£500,000","Knighton Close, South Croydon CR2",London
Lauristons - Putney,https://st.zoocdn.com/zoopla_static_agent_logo_(291015).png,"£775,000","East Hill, London SW18",London
Rampton Baseley,https://st.zoocdn.com/zoopla_static_agent_logo_(643976).png,"£1,000,000","Bevin Square, London SW17",London
Winkworth - St Johns Wood,https://st.zoocdn.com/zoopla_static_agent_logo_(732322).png,"£2,200,000","Fairfax Road, South Hampstead NW6",London
Cameron Estate Agents,https://st.zoocdn.com/zoopla_static_agent_logo_(595425).png,"£325,000","St. Johns Close, Cowley, Uxbridge UB8",London
Coopers Residential - West Drayton,https://st.zoocdn.com/zoopla_static_agent_logo_(447558).png,"£485,000","Albert Road, Yiewsley, West Drayton UB7",London
Knight Frank - Knightsbridge Sales,https://st.zoocdn.com/zoopla_static_agent_logo_(90358).png,"£1,300,000","Whitelands House, London SW3",London
London House,https://st.zoocdn.com/zoopla_static_agent_logo_(717176).png,"£17,950,000","Chester Terrace, London NW1",London
Camerons Stiff & Co,https://st.zoocdn.com/zoopla_static_agent_logo_(628876).png,"£425,000","Brondesbury Road, London NW6",London
Ernest-Brooks International,https://st.zoocdn.com/zoopla_static_agent_logo_(562863).png,"£850,000","9 Cromwell Place, South Kensington SW7",London
Robertson Smith & Kempson - Ealing,https://st.zoocdn.com/zoopla_static_agent_logo_(561676).png,"£409,950","Woodfield Road, London W5",London
Camerons Stiff & Co,https://st.zoocdn.com/zoopla_static_agent_logo_(628876).png,"£910,000","Brondesbury Park, London NW6",London
Barnard Marcus - Thornton Heath,https://st.zoocdn.com/zoopla_static_agent_logo_(592283).png,"£240,000","Brigstock Road, Thornton Heath CR7",London
Barnard Marcus - Worcester Park,https://st.zoocdn.com/zoopla_static_agent_logo_(592283).png,"£675,000","The Glebe, Worcester Park KT4",London
Barnard Marcus - Wallington,https://st.zoocdn.com/zoopla_static_agent_logo_(592283).png,"£300,000","Reynolds Close, Carshalton SM5",London
Moveli,https://st.zoocdn.com/zoopla_static_agent_logo_(687104).png,"£1,000,000","Vauxhall Bridge Road, London SW1V",London
Barnard Marcus - Auctions,https://st.zoocdn.com/zoopla_static_agent_logo_(592283).png,"£149,000","Mondial Way, Harlington, Hayes UB3",London
Granvilles,https://st.zoocdn.com/zoopla_static_agent_logo_(52196).png,"£975,000","Rymer Street, London SE24",London
Andrew Reeves - Westminster & Belgravia,https://st.zoocdn.com/zoopla_static_agent_logo_(700975).png,"£850,000","Artillery Mansions, 75 Victoria Street, Westminster, London SW1H",London
Marsh & Parsons - Streatham Hill,https://st.zoocdn.com/zoopla_static_agent_logo_(295280).png,"£400,000","Leigham Court Road, London SW16",London
Keller Williams,https://st.zoocdn.com/zoopla_static_agent_logo_(512116).png,"£425,000","Winchmore Hill Road, London N14",London
Man and Co Estate Agents,https://st.zoocdn.com/zoopla_static_agent_logo_(70180).jpeg,"£575,000","Leighton Close, Queensbury HA8",London
Aspire - Furzedown,https://st.zoocdn.com/zoopla_static_agent_logo_(709153).png,"£850,000","Mitcham Lane, London SW16",London
Fine Property,https://st.zoocdn.com/zoopla_static_agent_logo_(711444).png,"£550,000","Elmer Gardens, Isleworth TW7",London
Kings Group - South Chingford,https://st.zoocdn.com/zoopla_static_agent_logo_(665686).png,"£250,000","Mandeville Court, London E4",London
